position_notional_usd,model,horizon_hours,VaR_capital_usd,CVaR_capital_usd
1000000,Jump diffusion Monte Carlo,1,14813.333606040149,27165.583015299097
1000000,Parametric Student-t,1,14663.186282569977,19229.703979927617
1000000,VAE,1,11529.107578098774,13873.346149921417
1000000,LSTM,1,10786.254445739989,12487.072855963836
1000000,Jump diffusion Monte Carlo,24,82652.17223649313,97101.38314863804
1000000,Parametric Student-t,24,67490.18821879511,79151.30490782649
1000000,VAE,24,32055.266201496124,37144.40017938614
