model,horizon_hours,VaR_return,CVaR_return,VaR_loss,CVaR_loss,mean_return,volatility
Jump diffusion Monte Carlo,1,-0.014813333606040148,-0.027165583015299095,0.014813333606040148,0.027165583015299095,-0.000234669025589211,0.006533229207722137
LSTM,1,-0.010786254445739989,-0.012487072855963836,0.010786254445739989,0.012487072855963836,0.0008900165557861328,0.005019142292439938
Parametric Student-t,1,-0.014663186282569978,-0.01922970397992762,0.014663186282569978,0.01922970397992762,-0.0001337584247651982,0.0055839603058758375
VAE,1,-0.011529107578098774,-0.013873346149921417,0.011529107578098774,0.013873346149921417,-0.00017545795708429068,0.004116002004593611
Jump diffusion Monte Carlo,24,-0.08265217223649313,-0.09710138314863803,0.08265217223649313,0.09710138314863803,-0.004860086698661881,0.031705261680840514
Parametric Student-t,24,-0.06749018821879511,-0.07915130490782649,0.06749018821879511,0.07915130490782649,-0.0028593889013540934,0.027178920879150064
VAE,24,-0.032055266201496124,-0.03714440017938614,0.032055266201496124,0.03714440017938614,0.0003513205156195909,0.01297011785209179
