model,observations,violations,expected_violation_rate,observed_violation_rate,kupiec_lr,kupiec_pvalue,christoffersen_lr_ind,christoffersen_ind_pvalue,violation_transition_01,violation_transition_11,christoffersen_lr_cc,christoffersen_cc_pvalue
Gaussian benchmark,8761.0,184.0,0.010000000000000009,0.021002168702202943,81.36614640435118,0.0,32.890387069625376,9.750421692267253e-09,0.019239738805970148,0.10326086956521739,114.25653347397656,0.0
Parametric t-VaR,8761.0,129.0,0.010000000000000009,0.014724346535783587,17.242483282185503,3.289965754627033e-05,14.61366653144114,0.00013195413153710422,0.013903371567605145,0.06976744186046512,31.856149813626644,1.209274682612005e-07
Jump diffusion Monte Carlo,8761.0,110.0,0.010000000000000009,0.012555644332838718,5.346596869802738,0.020762757430841328,12.078451712886817,0.0005100793954930793,0.011907514450867051,0.06363636363636363,17.425048582689556,0.0001645124525314623
LSTM conditional VaR,8761.0,81.0,0.010000000000000009,0.0092455199178176,0.5167855040756422,0.47221612481411157,7.168985778378783,0.0074174699004911915,0.008871989860583017,0.04938271604938271,7.685771282454425,0.021431667924719067
VAE latent VaR,8761.0,204.0,0.010000000000000009,0.02328501312635544,113.64063250296817,0.0,32.680245980709515,1.0863569488428482e-08,0.021388499298737727,0.10294117647058823,146.3208784836777,0.0
