model,observations,violations,expected_violation_rate,observed_violation_rate,kupiec_lr,kupiec_pvalue
Parametric t-VaR,8761.0,129.0,0.010000000000000009,0.014724346535783587,17.242483282185503,3.289965754627033e-05
Jump diffusion Monte Carlo,8761.0,110.0,0.010000000000000009,0.012555644332838718,5.346596869802738,0.020762757430841328
LSTM conditional VaR,8761.0,81.0,0.010000000000000009,0.0092455199178176,0.5167855040756422,0.47221612481411157
VAE latent VaR,8761.0,204.0,0.010000000000000009,0.02328501312635544,113.64063250296817,0.0
