model,observations,violations,expected_violation_rate,observed_violation_rate,kupiec_lr,kupiec_pvalue
Parametric t-VaR,8761.0,129.0,0.010000000000000009,0.014724346535783587,17.242483282185503,3.289965754627033e-05
Jump diffusion Monte Carlo,8761.0,128.0,0.010000000000000009,0.014610204314575962,16.46696967743719,4.9505063523413995e-05
LSTM conditional VaR,8761.0,81.0,0.010000000000000009,0.0092455199178176,0.5167855040756422,0.47221612481411157
VAE latent VaR,8761.0,138.0,0.010000000000000009,0.01575162652665221,24.916277189348648,5.987474865909448e-07
