lookback_hours,best_validation_loss,sigma_tracking_mae,current_VaR_loss,current_sigma
24,-4.749049663543701,0.0033836709335446358,0.011069590181889865,0.004887561779469252
48,-4.742692947387695,0.003595866961404681,0.010786254445739989,0.005019142292439938
72,-4.731233596801758,0.0036824168637394905,0.011604282917717557,0.005279604345560074
