lookback_hours,best_validation_loss,sigma_tracking_mae,current_VaR_loss,current_sigma
24,-4.710350036621094,0.0032733629923313856,0.009075156422207945,0.004647528287023306
48,-4.742692947387695,0.003595866961404681,0.010786254445739989,0.005019142292439938
72,-4.6586151123046875,0.004550858400762081,0.01640005631904812,0.006697364151477814
