horizon,sqrt_time_scaled_VaR,empirical_VaR,scaling_bias_pct
1 day,0.09431570726682836,0.08735435623816427,7.969094305594278
10 days,0.2982524540928718,0.2766172902744559,7.821334594431819
